{
  "backend": "holographic",
  "profile": "balanced",
  "embedding_model": "auto",
  "timestamp": "2026-04-05T08:17:13.844711Z",
  "suites": [
    "O"
  ],
  "mean_score": 0.625,
  "std": 0.0,
  "ci_95": [
    0.625,
    0.625
  ],
  "per_category_mean": {
    "timestamp_integrity": 0.625
  },
  "per_category_std": {
    "timestamp_integrity": 0.0
  },
  "num_runs": 1,
  "retrieval_metrics": {
    "recall_at_1": 0.5,
    "recall_at_3": 0.75,
    "recall_at_5": 0.875,
    "recall_at_10": 0.875,
    "mrr": 0.65625,
    "ndcg_at_5": 0.7115670081520385,
    "ndcg_at_10": 0.7115670081520385,
    "average_precision": 0.65625,
    "exact_match": 0.0,
    "token_f1": 0.25116407285524933,
    "token_precision": 0.16414141414141414,
    "token_recall": 0.625
  },
  "cost_metrics": {
    "tokens_per_query": 30.125,
    "tokens_per_correct": 48.2,
    "cost_efficiency": 0.12600801543224505,
    "score": 0.625,
    "total_tokens": 241.0,
    "total_queries": 8.0,
    "correct": 5.0,
    "total": 8.0
  },
  "runs": [
    {
      "seed": 42,
      "overall_score": 0.625,
      "wall_time_seconds": 0.20696067810058594,
      "token_usage": {
        "recall_tokens": 241,
        "recall_chars": 981,
        "recall_queries": 8,
        "avg_recall_tokens_per_query": 30
      },
      "retrieval_metrics": {
        "recall_at_1": 0.5,
        "recall_at_3": 0.75,
        "recall_at_5": 0.875,
        "recall_at_10": 0.875,
        "mrr": 0.65625,
        "ndcg_at_5": 0.7115670081520385,
        "ndcg_at_10": 0.7115670081520385,
        "average_precision": 0.65625,
        "exact_match": 0.0,
        "token_f1": 0.25116407285524933,
        "token_precision": 0.16414141414141414,
        "token_recall": 0.625
      },
      "cost_metrics": {
        "tokens_per_query": 30.125,
        "tokens_per_correct": 48.2,
        "cost_efficiency": 0.12600801543224505,
        "score": 0.625,
        "total_tokens": 241,
        "total_queries": 8,
        "correct": 5,
        "total": 8
      },
      "categories": {
        "timestamp_integrity": {
          "score": 0.625,
          "correct": 5,
          "total": 8,
          "recall_tokens": 241,
          "recall_chars": 981,
          "retrieval_metrics": {
            "recall_at_1": 0.5,
            "recall_at_3": 0.75,
            "recall_at_5": 0.875,
            "recall_at_10": 0.875,
            "mrr": 0.65625,
            "ndcg_at_5": 0.7115670081520385,
            "ndcg_at_10": 0.7115670081520385,
            "average_precision": 0.65625,
            "exact_match": 0.0,
            "token_f1": 0.25116407285524933,
            "token_precision": 0.16414141414141414,
            "token_recall": 0.625
          }
        }
      }
    }
  ]
}