{
  "backend": "mnemoria",
  "profile": "balanced",
  "embedding_model": "auto",
  "timestamp": "2026-04-05T08:13:22.188448Z",
  "suites": [
    "D"
  ],
  "mean_score": 1.0,
  "std": 0.0,
  "ci_95": [
    1.0,
    1.0
  ],
  "per_category_mean": {
    "adversarial": 1.0
  },
  "per_category_std": {
    "adversarial": 0.0
  },
  "num_runs": 1,
  "retrieval_metrics": {
    "recall_at_1": 0.5333333333333333,
    "recall_at_3": 0.6,
    "recall_at_5": 0.6,
    "recall_at_10": 0.6,
    "mrr": 0.5666666666666667,
    "ndcg_at_5": 0.5753953169047639,
    "ndcg_at_10": 0.5753953169047639,
    "average_precision": 0.5666666666666667,
    "exact_match": 0.0,
    "token_f1": 0.46934361934361934,
    "token_precision": 0.3647598697598698,
    "token_recall": 0.7177777777777777
  },
  "cost_metrics": {
    "tokens_per_query": 59.46666666666667,
    "tokens_per_correct": 59.46666666666667,
    "cost_efficiency": 0.16897405969520435,
    "score": 1.0,
    "total_tokens": 892.0,
    "total_queries": 15.0,
    "correct": 15.0,
    "total": 15.0
  },
  "runs": [
    {
      "seed": 42,
      "overall_score": 1.0,
      "wall_time_seconds": 145.6895363330841,
      "token_usage": {
        "recall_tokens": 892,
        "recall_chars": 3651,
        "recall_queries": 15,
        "avg_recall_tokens_per_query": 59
      },
      "retrieval_metrics": {
        "recall_at_1": 0.5333333333333333,
        "recall_at_3": 0.6,
        "recall_at_5": 0.6,
        "recall_at_10": 0.6,
        "mrr": 0.5666666666666667,
        "ndcg_at_5": 0.5753953169047639,
        "ndcg_at_10": 0.5753953169047639,
        "average_precision": 0.5666666666666667,
        "exact_match": 0.0,
        "token_f1": 0.46934361934361934,
        "token_precision": 0.3647598697598698,
        "token_recall": 0.7177777777777777
      },
      "cost_metrics": {
        "tokens_per_query": 59.46666666666667,
        "tokens_per_correct": 59.46666666666667,
        "cost_efficiency": 0.16897405969520435,
        "score": 1.0,
        "total_tokens": 892,
        "total_queries": 15,
        "correct": 15,
        "total": 15
      },
      "categories": {
        "adversarial": {
          "score": 1.0,
          "correct": 15,
          "total": 15,
          "recall_tokens": 892,
          "recall_chars": 3651,
          "retrieval_metrics": {
            "recall_at_1": 0.5333333333333333,
            "recall_at_3": 0.6,
            "recall_at_5": 0.6,
            "recall_at_10": 0.6,
            "mrr": 0.5666666666666667,
            "ndcg_at_5": 0.5753953169047639,
            "ndcg_at_10": 0.5753953169047639,
            "average_precision": 0.5666666666666667,
            "exact_match": 0.0,
            "token_f1": 0.46934361934361934,
            "token_precision": 0.3647598697598698,
            "token_recall": 0.7177777777777777
          }
        }
      }
    }
  ]
}