{
  "backend": "mnemoria",
  "profile": "balanced",
  "embedding_model": "auto",
  "timestamp": "2026-04-05T08:17:03.163760Z",
  "suites": [
    "O"
  ],
  "mean_score": 0.625,
  "std": 0.0,
  "ci_95": [
    0.625,
    0.625
  ],
  "per_category_mean": {
    "timestamp_integrity": 0.625
  },
  "per_category_std": {
    "timestamp_integrity": 0.0
  },
  "num_runs": 1,
  "retrieval_metrics": {
    "recall_at_1": 0.5,
    "recall_at_3": 1.0,
    "recall_at_5": 1.0,
    "recall_at_10": 1.0,
    "mrr": 0.7291666666666666,
    "ndcg_at_5": 0.7990986575892967,
    "ndcg_at_10": 0.7990986575892967,
    "average_precision": 0.7291666666666666,
    "exact_match": 0.0,
    "token_f1": 0.25116407285524933,
    "token_precision": 0.16414141414141414,
    "token_recall": 0.625
  },
  "cost_metrics": {
    "tokens_per_query": 39.125,
    "tokens_per_correct": 62.6,
    "cost_efficiency": 0.11733939246000742,
    "score": 0.625,
    "total_tokens": 313.0,
    "total_queries": 8.0,
    "correct": 5.0,
    "total": 8.0
  },
  "runs": [
    {
      "seed": 42,
      "overall_score": 0.625,
      "wall_time_seconds": 59.542203426361084,
      "token_usage": {
        "recall_tokens": 313,
        "recall_chars": 1273,
        "recall_queries": 8,
        "avg_recall_tokens_per_query": 39
      },
      "retrieval_metrics": {
        "recall_at_1": 0.5,
        "recall_at_3": 1.0,
        "recall_at_5": 1.0,
        "recall_at_10": 1.0,
        "mrr": 0.7291666666666666,
        "ndcg_at_5": 0.7990986575892967,
        "ndcg_at_10": 0.7990986575892967,
        "average_precision": 0.7291666666666666,
        "exact_match": 0.0,
        "token_f1": 0.25116407285524933,
        "token_precision": 0.16414141414141414,
        "token_recall": 0.625
      },
      "cost_metrics": {
        "tokens_per_query": 39.125,
        "tokens_per_correct": 62.6,
        "cost_efficiency": 0.11733939246000742,
        "score": 0.625,
        "total_tokens": 313,
        "total_queries": 8,
        "correct": 5,
        "total": 8
      },
      "categories": {
        "timestamp_integrity": {
          "score": 0.625,
          "correct": 5,
          "total": 8,
          "recall_tokens": 313,
          "recall_chars": 1273,
          "retrieval_metrics": {
            "recall_at_1": 0.5,
            "recall_at_3": 1.0,
            "recall_at_5": 1.0,
            "recall_at_10": 1.0,
            "mrr": 0.7291666666666666,
            "ndcg_at_5": 0.7990986575892967,
            "ndcg_at_10": 0.7990986575892967,
            "average_precision": 0.7291666666666666,
            "exact_match": 0.0,
            "token_f1": 0.25116407285524933,
            "token_precision": 0.16414141414141414,
            "token_recall": 0.625
          }
        }
      }
    }
  ]
}