{
  "backend": "structured",
  "profile": "balanced",
  "embedding_model": "auto",
  "timestamp": "2026-04-05T07:56:06.785994Z",
  "suites": [
    "E"
  ],
  "mean_score": 1.0,
  "std": 0.0,
  "ci_95": [
    1.0,
    1.0
  ],
  "per_category_mean": {
    "scale": 1.0
  },
  "per_category_std": {
    "scale": 0.0
  },
  "num_runs": 1,
  "retrieval_metrics": {
    "recall_at_1": 0.625,
    "recall_at_3": 0.625,
    "recall_at_5": 0.75,
    "recall_at_10": 0.75,
    "mrr": 0.65625,
    "ndcg_at_5": 0.6788345697591741,
    "ndcg_at_10": 0.6788345697591741,
    "average_precision": 0.65625,
    "exact_match": 0.0,
    "token_f1": 0.44188169286853496,
    "token_precision": 0.33437500000000003,
    "token_recall": 0.7916666666666667
  },
  "cost_metrics": {
    "tokens_per_query": 33.0,
    "tokens_per_correct": 33.0,
    "cost_efficiency": 0.1965616322328226,
    "score": 1.0,
    "total_tokens": 264.0,
    "total_queries": 8.0,
    "correct": 8.0,
    "total": 8.0
  },
  "runs": [
    {
      "seed": 42,
      "overall_score": 1.0,
      "wall_time_seconds": 0.0845804214477539,
      "token_usage": {
        "recall_tokens": 264,
        "recall_chars": 1095,
        "recall_queries": 8,
        "avg_recall_tokens_per_query": 33
      },
      "retrieval_metrics": {
        "recall_at_1": 0.625,
        "recall_at_3": 0.625,
        "recall_at_5": 0.75,
        "recall_at_10": 0.75,
        "mrr": 0.65625,
        "ndcg_at_5": 0.6788345697591741,
        "ndcg_at_10": 0.6788345697591741,
        "average_precision": 0.65625,
        "exact_match": 0.0,
        "token_f1": 0.44188169286853496,
        "token_precision": 0.33437500000000003,
        "token_recall": 0.7916666666666667
      },
      "cost_metrics": {
        "tokens_per_query": 33.0,
        "tokens_per_correct": 33.0,
        "cost_efficiency": 0.1965616322328226,
        "score": 1.0,
        "total_tokens": 264,
        "total_queries": 8,
        "correct": 8,
        "total": 8
      },
      "categories": {
        "scale": {
          "score": 1.0,
          "correct": 8,
          "total": 8,
          "recall_tokens": 264,
          "recall_chars": 1095,
          "retrieval_metrics": {
            "recall_at_1": 0.625,
            "recall_at_3": 0.625,
            "recall_at_5": 0.75,
            "recall_at_10": 0.75,
            "mrr": 0.65625,
            "ndcg_at_5": 0.6788345697591741,
            "ndcg_at_10": 0.6788345697591741,
            "average_precision": 0.65625,
            "exact_match": 0.0,
            "token_f1": 0.44188169286853496,
            "token_precision": 0.33437500000000003,
            "token_recall": 0.7916666666666667
          }
        }
      }
    }
  ]
}