{
  "backend": "baseline-flat",
  "profile": "balanced",
  "embedding_model": "auto",
  "timestamp": "2026-04-05T10:26:33.909187Z",
  "suites": [
    "D"
  ],
  "mean_score": 0.8666666666666667,
  "std": 0.0,
  "ci_95": [
    0.8666666666666667,
    0.8666666666666667
  ],
  "per_category_mean": {
    "adversarial": 0.8666666666666667
  },
  "per_category_std": {
    "adversarial": 0.0
  },
  "num_runs": 1,
  "retrieval_metrics": {
    "recall_at_1": 0.4,
    "recall_at_3": 0.5333333333333333,
    "recall_at_5": 0.5333333333333333,
    "recall_at_10": 0.5333333333333333,
    "mrr": 0.45555555555555555,
    "ndcg_at_5": 0.47539531690476383,
    "ndcg_at_10": 0.47539531690476383,
    "average_precision": 0.45555555555555555,
    "exact_match": 0.0,
    "token_f1": 0.39712139712139716,
    "token_precision": 0.3092043142043142,
    "token_recall": 0.6177777777777779
  },
  "cost_metrics": {
    "tokens_per_query": 36.53333333333333,
    "tokens_per_correct": 42.15384615384615,
    "cost_efficiency": 0.1657074589555557,
    "score": 0.8666666666666667,
    "total_tokens": 548.0,
    "total_queries": 15.0,
    "correct": 13.0,
    "total": 15.0
  },
  "runs": [
    {
      "seed": 42,
      "overall_score": 0.8666666666666667,
      "wall_time_seconds": 0.01611495018005371,
      "token_usage": {
        "recall_tokens": 548,
        "recall_chars": 2246,
        "recall_queries": 15,
        "avg_recall_tokens_per_query": 36
      },
      "retrieval_metrics": {
        "recall_at_1": 0.4,
        "recall_at_3": 0.5333333333333333,
        "recall_at_5": 0.5333333333333333,
        "recall_at_10": 0.5333333333333333,
        "mrr": 0.45555555555555555,
        "ndcg_at_5": 0.47539531690476383,
        "ndcg_at_10": 0.47539531690476383,
        "average_precision": 0.45555555555555555,
        "exact_match": 0.0,
        "token_f1": 0.39712139712139716,
        "token_precision": 0.3092043142043142,
        "token_recall": 0.6177777777777779
      },
      "cost_metrics": {
        "tokens_per_query": 36.53333333333333,
        "tokens_per_correct": 42.15384615384615,
        "cost_efficiency": 0.1657074589555557,
        "score": 0.8666666666666667,
        "total_tokens": 548,
        "total_queries": 15,
        "correct": 13,
        "total": 15
      },
      "categories": {
        "adversarial": {
          "score": 0.8666666666666667,
          "correct": 13,
          "total": 15,
          "recall_tokens": 548,
          "recall_chars": 2246,
          "retrieval_metrics": {
            "recall_at_1": 0.4,
            "recall_at_3": 0.5333333333333333,
            "recall_at_5": 0.5333333333333333,
            "recall_at_10": 0.5333333333333333,
            "mrr": 0.45555555555555555,
            "ndcg_at_5": 0.47539531690476383,
            "ndcg_at_10": 0.47539531690476383,
            "average_precision": 0.45555555555555555,
            "exact_match": 0.0,
            "token_f1": 0.39712139712139716,
            "token_precision": 0.3092043142043142,
            "token_recall": 0.6177777777777779
          }
        }
      }
    }
  ]
}