{
  "backend": "hindsight",
  "profile": "balanced",
  "embedding_model": "auto",
  "timestamp": "2026-04-05T13:41:27.456561Z",
  "suites": [
    "N"
  ],
  "mean_score": 0.6666666666666666,
  "std": 0.0,
  "ci_95": [
    0.6666666666666666,
    0.6666666666666666
  ],
  "per_category_mean": {
    "retrieval_ablation": 0.6666666666666666
  },
  "per_category_std": {
    "retrieval_ablation": 0.0
  },
  "num_runs": 1,
  "retrieval_metrics": {
    "recall_at_1": 0.5555555555555556,
    "recall_at_3": 0.5555555555555556,
    "recall_at_5": 0.5555555555555556,
    "recall_at_10": 0.5555555555555556,
    "mrr": 0.5555555555555556,
    "ndcg_at_5": 0.5555555555555556,
    "ndcg_at_10": 0.5555555555555556,
    "average_precision": 1.0,
    "exact_match": 0.0,
    "token_f1": 0.2987743365452344,
    "token_precision": 0.19995374995374995,
    "token_recall": 0.6555555555555556
  },
  "cost_metrics": {
    "tokens_per_query": 74.55555555555556,
    "tokens_per_correct": 111.83333333333333,
    "cost_efficiency": 0.10684675157204994,
    "score": 0.6666666666666666,
    "total_tokens": 671.0,
    "total_queries": 9.0,
    "correct": 6.0,
    "total": 9.0
  },
  "runs": [
    {
      "seed": 42,
      "overall_score": 0.6666666666666666,
      "wall_time_seconds": 8.017874956130981,
      "token_usage": {
        "recall_tokens": 671,
        "recall_chars": 2754,
        "recall_queries": 9,
        "avg_recall_tokens_per_query": 74
      },
      "retrieval_metrics": {
        "recall_at_1": 0.5555555555555556,
        "recall_at_3": 0.5555555555555556,
        "recall_at_5": 0.5555555555555556,
        "recall_at_10": 0.5555555555555556,
        "mrr": 0.5555555555555556,
        "ndcg_at_5": 0.5555555555555556,
        "ndcg_at_10": 0.5555555555555556,
        "average_precision": 1.0,
        "exact_match": 0.0,
        "token_f1": 0.2987743365452344,
        "token_precision": 0.19995374995374995,
        "token_recall": 0.6555555555555556
      },
      "cost_metrics": {
        "tokens_per_query": 74.55555555555556,
        "tokens_per_correct": 111.83333333333333,
        "cost_efficiency": 0.10684675157204994,
        "score": 0.6666666666666666,
        "total_tokens": 671,
        "total_queries": 9,
        "correct": 6,
        "total": 9
      },
      "categories": {
        "retrieval_ablation": {
          "score": 0.6666666666666666,
          "correct": 6,
          "total": 9,
          "recall_tokens": 671,
          "recall_chars": 2754,
          "retrieval_metrics": {
            "recall_at_1": 0.5555555555555556,
            "recall_at_3": 0.5555555555555556,
            "recall_at_5": 0.5555555555555556,
            "recall_at_10": 0.5555555555555556,
            "mrr": 0.5555555555555556,
            "ndcg_at_5": 0.5555555555555556,
            "ndcg_at_10": 0.5555555555555556,
            "average_precision": 1.0,
            "exact_match": 0.0,
            "token_f1": 0.2987743365452344,
            "token_precision": 0.19995374995374995,
            "token_recall": 0.6555555555555556
          }
        }
      }
    }
  ]
}