{
  "backend": "holographic",
  "profile": "balanced",
  "embedding_model": "auto",
  "timestamp": "2026-04-06T16:01:04.948347Z",
  "suites": [
    "a",
    "b",
    "c",
    "d",
    "e",
    "f",
    "g",
    "h",
    "i",
    "j",
    "k",
    "l",
    "m",
    "n",
    "o"
  ],
  "mean_score": 0.704225352112676,
  "std": 0.0,
  "ci_95": [
    0.704225352112676,
    0.704225352112676
  ],
  "per_category_mean": {
    "compression_survival": 1.0,
    "delegation_memory": 0.625,
    "retrieval_ablation": 0.6666666666666666,
    "timestamp_integrity": 0.625,
    "format_sensitivity": 0.9,
    "topic_shift_recall": 0.75,
    "qlearning": 0.7692307692307693,
    "adversarial": 0.9333333333333333,
    "conversation_memory": 0.8,
    "semantic_recall": 0.58,
    "integration": 0.6666666666666666,
    "contradictions": 0.65,
    "cross_reference": 0.6,
    "deduplication": 0.875,
    "importance_filtering": 0.775,
    "capacity_stress": 0.8,
    "scale": 0.9166666666666666
  },
  "per_category_std": {
    "compression_survival": 0.0,
    "delegation_memory": 0.0,
    "retrieval_ablation": 0.0,
    "timestamp_integrity": 0.0,
    "format_sensitivity": 0.0,
    "topic_shift_recall": 0.0,
    "qlearning": 0.0,
    "adversarial": 0.0,
    "conversation_memory": 0.0,
    "semantic_recall": 0.0,
    "integration": 0.0,
    "contradictions": 0.0,
    "cross_reference": 0.0,
    "deduplication": 0.0,
    "importance_filtering": 0.0,
    "capacity_stress": 0.0,
    "scale": 0.0
  },
  "num_runs": 1,
  "retrieval_metrics": {
    "recall_at_1": 0.4881699346405229,
    "recall_at_3": 0.6197058823529412,
    "recall_at_5": 0.6358823529411763,
    "recall_at_10": 0.6358823529411763,
    "mrr": 0.5564842047930283,
    "ndcg_at_5": 0.5763004833037119,
    "ndcg_at_10": 0.5763004833037119,
    "average_precision": 0.6282979302832243,
    "exact_match": 0.0,
    "token_f1": 0.26957296091982924,
    "token_precision": 0.20275030637419847,
    "token_recall": 0.592025504593879
  },
  "cost_metrics": {
    "tokens_per_query": 35.478873239436616,
    "tokens_per_correct": 50.38,
    "cost_efficiency": 0.1357153226592213,
    "score": 0.704225352112676,
    "total_tokens": 10076.0,
    "total_queries": 284.0,
    "correct": 200.0,
    "total": 284.0
  },
  "runs": [
    {
      "seed": 42,
      "overall_score": 0.704225352112676,
      "wall_time_seconds": 52.41229605674744,
      "token_usage": {
        "recall_tokens": 10076,
        "recall_chars": 41389,
        "recall_queries": 284,
        "avg_recall_tokens_per_query": 35
      },
      "retrieval_metrics": {
        "recall_at_1": 0.4881699346405229,
        "recall_at_3": 0.6197058823529412,
        "recall_at_5": 0.6358823529411763,
        "recall_at_10": 0.6358823529411763,
        "mrr": 0.5564842047930283,
        "ndcg_at_5": 0.5763004833037119,
        "ndcg_at_10": 0.5763004833037119,
        "average_precision": 0.6282979302832243,
        "exact_match": 0.0,
        "token_f1": 0.26957296091982924,
        "token_precision": 0.20275030637419847,
        "token_recall": 0.592025504593879
      },
      "cost_metrics": {
        "tokens_per_query": 35.478873239436616,
        "tokens_per_correct": 50.38,
        "cost_efficiency": 0.1357153226592213,
        "score": 0.704225352112676,
        "total_tokens": 10076,
        "total_queries": 284,
        "correct": 200,
        "total": 284
      },
      "categories": {
        "contradictions": {
          "score": 0.65,
          "correct": 13,
          "total": 20,
          "recall_tokens": 479,
          "recall_chars": 1980,
          "retrieval_metrics": {
            "recall_at_1": 0.3,
            "recall_at_3": 0.6,
            "recall_at_5": 0.6,
            "recall_at_10": 0.6,
            "mrr": 0.45,
            "ndcg_at_5": 0.48927892607143725,
            "ndcg_at_10": 0.48927892607143725,
            "average_precision": 0.45,
            "exact_match": 0.0,
            "token_f1": 0.25772241647241645,
            "token_precision": 0.1939133089133089,
            "token_recall": 0.49851190476190477
          }
        },
        "cross_reference": {
          "score": 0.6,
          "correct": 27,
          "total": 45,
          "recall_tokens": 956,
          "recall_chars": 3980,
          "retrieval_metrics": {
            "recall_at_1": 0.06666666666666667,
            "recall_at_3": 0.24444444444444444,
            "recall_at_5": 0.24444444444444444,
            "recall_at_10": 0.24444444444444444,
            "mrr": 0.14814814814814817,
            "ndcg_at_5": 0.17301285603174987,
            "ndcg_at_10": 0.17301285603174987,
            "average_precision": 0.14814814814814817,
            "exact_match": 0.0,
            "token_f1": 0.14904283882612054,
            "token_precision": 0.15522045855379188,
            "token_recall": 0.18462802629469297
          }
        },
        "importance_filtering": {
          "score": 0.775,
          "correct": 31,
          "total": 40,
          "recall_tokens": 1497,
          "recall_chars": 6160,
          "retrieval_metrics": {
            "recall_at_1": 0.25,
            "recall_at_3": 0.275,
            "recall_at_5": 0.275,
            "recall_at_10": 0.275,
            "mrr": 0.25833333333333336,
            "ndcg_at_5": 0.2625,
            "ndcg_at_10": 0.2625,
            "average_precision": 0.25833333333333336,
            "exact_match": 0.0,
            "token_f1": 0.3650447151598047,
            "token_precision": 0.2886422605172605,
            "token_recall": 0.6223165230237598
          }
        },
        "semantic_recall": {
          "score": 0.58,
          "correct": 29,
          "total": 50,
          "recall_tokens": 2305,
          "recall_chars": 9407,
          "retrieval_metrics": {
            "recall_at_1": 0.26,
            "recall_at_3": 0.26,
            "recall_at_5": 0.26,
            "recall_at_10": 0.26,
            "mrr": 0.26,
            "ndcg_at_5": 0.26,
            "ndcg_at_10": 0.26,
            "average_precision": 0.26,
            "exact_match": 0.0,
            "token_f1": 0.3210592886645518,
            "token_precision": 0.2418063048063048,
            "token_recall": 0.5366190476190477
          }
        },
        "adversarial": {
          "score": 0.9333333333333333,
          "correct": 14,
          "total": 15,
          "recall_tokens": 673,
          "recall_chars": 2753,
          "retrieval_metrics": {
            "recall_at_1": 0.4,
            "recall_at_3": 0.5333333333333333,
            "recall_at_5": 0.6,
            "recall_at_10": 0.6,
            "mrr": 0.48333333333333334,
            "ndcg_at_5": 0.5128357376810873,
            "ndcg_at_10": 0.5128357376810873,
            "average_precision": 0.48333333333333334,
            "exact_match": 0.0,
            "token_f1": 0.4026769526769527,
            "token_precision": 0.31271308613413873,
            "token_recall": 0.6311111111111111
          }
        },
        "scale": {
          "score": 0.9166666666666666,
          "correct": 11,
          "total": 12,
          "recall_tokens": 889,
          "recall_chars": 3624,
          "retrieval_metrics": {
            "recall_at_1": 0.5,
            "recall_at_3": 0.5833333333333334,
            "recall_at_5": 0.5833333333333334,
            "recall_at_10": 0.5833333333333334,
            "mrr": 0.5416666666666666,
            "ndcg_at_5": 0.5525774794642881,
            "ndcg_at_10": 0.5525774794642881,
            "average_precision": 0.625,
            "exact_match": 0.0,
            "token_f1": 0.4554544668882237,
            "token_precision": 0.37668067226890756,
            "token_recall": 0.7388468013468014
          }
        },
        "integration": {
          "score": 0.6666666666666666,
          "correct": 4,
          "total": 11,
          "recall_tokens": 200,
          "recall_chars": 826,
          "retrieval_metrics": {
            "recall_at_1": 0.5,
            "recall_at_3": 0.5,