{
  "backend": "honcho",
  "profile": "balanced",
  "embedding_model": "auto",
  "timestamp": "2026-04-05T14:29:55.749969Z",
  "suites": [
    "h"
  ],
  "mean_score": 0.875,
  "std": 0.0,
  "ci_95": [
    0.875,
    0.875
  ],
  "per_category_mean": {
    "deduplication": 0.875
  },
  "per_category_std": {
    "deduplication": 0.0
  },
  "num_runs": 1,
  "retrieval_metrics": {
    "recall_at_1": 0.875,
    "recall_at_3": 1.0,
    "recall_at_5": 1.0,
    "recall_at_10": 1.0,
    "mrr": 0.9375,
    "ndcg_at_5": 0.9216230253715885,
    "ndcg_at_10": 0.9216230253715885,
    "average_precision": 2.2875,
    "exact_match": 0.0,
    "token_f1": 0.3898809523809524,
    "token_precision": 0.2583333333333333,
    "token_recall": 0.875
  },
  "cost_metrics": {
    "tokens_per_query": 29.125,
    "tokens_per_correct": 33.285714285714285,
    "cost_efficiency": 0.17810293294158644,
    "score": 0.875,
    "total_tokens": 233.0,
    "total_queries": 8.0,
    "correct": 7.0,
    "total": 8.0
  },
  "runs": [
    {
      "seed": 42,
      "overall_score": 0.875,
      "wall_time_seconds": 140.13568305969238,
      "token_usage": {
        "recall_tokens": 233,
        "recall_chars": 970,
        "recall_queries": 8,
        "avg_recall_tokens_per_query": 29
      },
      "retrieval_metrics": {
        "recall_at_1": 0.875,
        "recall_at_3": 1.0,
        "recall_at_5": 1.0,
        "recall_at_10": 1.0,
        "mrr": 0.9375,
        "ndcg_at_5": 0.9216230253715885,
        "ndcg_at_10": 0.9216230253715885,
        "average_precision": 2.2875,
        "exact_match": 0.0,
        "token_f1": 0.3898809523809524,
        "token_precision": 0.2583333333333333,
        "token_recall": 0.875
      },
      "cost_metrics": {
        "tokens_per_query": 29.125,
        "tokens_per_correct": 33.285714285714285,
        "cost_efficiency": 0.17810293294158644,
        "score": 0.875,
        "total_tokens": 233,
        "total_queries": 8,
        "correct": 7,
        "total": 8
      },
      "categories": {
        "deduplication": {
          "score": 0.875,
          "correct": 7,
          "total": 8,
          "recall_tokens": 233,
          "recall_chars": 970,
          "retrieval_metrics": {
            "recall_at_1": 0.875,
            "recall_at_3": 1.0,
            "recall_at_5": 1.0,
            "recall_at_10": 1.0,
            "mrr": 0.9375,
            "ndcg_at_5": 0.9216230253715885,
            "ndcg_at_10": 0.9216230253715885,
            "average_precision": 2.2875,
            "exact_match": 0.0,
            "token_f1": 0.3898809523809524,
            "token_precision": 0.2583333333333333,
            "token_recall": 0.875
          }
        }
      }
    }
  ]
}