{
  "backend": "retaindb",
  "profile": "balanced",
  "embedding_model": "auto",
  "timestamp": "2026-04-06T19:26:40.928359Z",
  "suites": [
    "a",
    "d",
    "e",
    "f",
    "g",
    "h",
    "i",
    "j",
    "k",
    "l",
    "m",
    "n",
    "o"
  ],
  "mean_score": 0.8309859154929577,
  "std": 0.0,
  "ci_95": [
    0.8309859154929577,
    0.8309859154929577
  ],
  "per_category_mean": {
    "importance_filtering": 0.875,
    "cross_reference": 0.9555555555555556,
    "semantic_recall": 0.78,
    "contradictions": 0.55,
    "adversarial": 0.9333333333333333,
    "delegation_memory": 0.875,
    "retrieval_ablation": 0.7777777777777778,
    "scale": 0.8333333333333334,
    "format_sensitivity": 0.9,
    "compression_survival": 0.875,
    "timestamp_integrity": 0.875,
    "integration": 1.0,
    "conversation_memory": 1.0,
    "deduplication": 0.75,
    "topic_shift_recall": 0.6666666666666666,
    "qlearning": 1.0,
    "capacity_stress": 0.8
  },
  "per_category_std": {
    "importance_filtering": 0.0,
    "cross_reference": 0.0,
    "semantic_recall": 0.0,
    "contradictions": 0.0,
    "adversarial": 0.0,
    "delegation_memory": 0.0,
    "retrieval_ablation": 0.0,
    "scale": 0.0,
    "format_sensitivity": 0.0,
    "compression_survival": 0.0,
    "timestamp_integrity": 0.0,
    "integration": 0.0,
    "conversation_memory": 0.0,
    "deduplication": 0.0,
    "topic_shift_recall": 0.0,
    "qlearning": 0.0,
    "capacity_stress": 0.0
  },
  "num_runs": 1,
  "retrieval_metrics": {
    "recall_at_1": 0.4974509803921569,
    "recall_at_3": 0.6316339869281045,
    "recall_at_5": 0.6416339869281046,
    "recall_at_10": 0.6416339869281046,
    "mrr": 0.5617864923747277,
    "ndcg_at_5": 0.5814848123542825,
    "ndcg_at_10": 0.5814848123542825,
    "average_precision": 0.6525953159041393,
    "exact_match": 0.0,
    "token_f1": 0.277571894185318,
    "token_precision": 0.20815784610059332,
    "token_recall": 0.6142186588643334
  },
  "cost_metrics": {
    "tokens_per_query": 56.20774647887324,
    "tokens_per_correct": 67.63983050847457,
    "cost_efficiency": 0.14233747620931544,
    "score": 0.8309859154929577,
    "total_tokens": 15963.0,
    "total_queries": 284.0,
    "correct": 236.0,
    "total": 284.0
  },
  "runs": [
    {
      "seed": 42,
      "overall_score": 0.8309859154929577,
      "wall_time_seconds": 4772.91462802887,
      "token_usage": {
        "recall_tokens": 15963,
        "recall_chars": 65758,
        "recall_queries": 284,
        "avg_recall_tokens_per_query": 56
      },
      "retrieval_metrics": {
        "recall_at_1": 0.4974509803921569,
        "recall_at_3": 0.6316339869281045,
        "recall_at_5": 0.6416339869281046,
        "recall_at_10": 0.6416339869281046,
        "mrr": 0.5617864923747277,
        "ndcg_at_5": 0.5814848123542825,
        "ndcg_at_10": 0.5814848123542825,
        "average_precision": 0.6525953159041393,
        "exact_match": 0.0,
        "token_f1": 0.277571894185318,
        "token_precision": 0.20815784610059332,
        "token_recall": 0.6142186588643334
      },
      "cost_metrics": {
        "tokens_per_query": 56.20774647887324,
        "tokens_per_correct": 67.63983050847457,
        "cost_efficiency": 0.14233747620931544,
        "score": 0.8309859154929577,
        "total_tokens": 15963,
        "total_queries": 284,
        "correct": 236,
        "total": 284
      },
      "categories": {
        "contradictions": {
          "score": 0.55,
          "correct": 11,
          "total": 20,
          "recall_tokens": 985,
          "recall_chars": 4145,
          "retrieval_metrics": {
            "recall_at_1": 0.3,
            "recall_at_3": 0.65,
            "recall_at_5": 0.65,
            "recall_at_10": 0.65,
            "mrr": 0.45,
            "ndcg_at_5": 0.5011859507142915,
            "ndcg_at_10": 0.5011859507142915,
            "average_precision": 0.45,
            "exact_match": 0.0,
            "token_f1": 0.2662160062160062,
            "token_precision": 0.19218711843711844,
            "token_recall": 0.5276785714285714
          }
        },
        "cross_reference": {
          "score": 0.9555555555555556,
          "correct": 43,
          "total": 45,
          "recall_tokens": 1259,
          "recall_chars": 5237,
          "retrieval_metrics": {
            "recall_at_1": 0.15555555555555556,
            "recall_at_3": 0.37777777777777777,
            "recall_at_5": 0.37777777777777777,
            "recall_at_10": 0.37777777777777777,
            "mrr": 0.26666666666666666,
            "ndcg_at_5": 0.2957621674603239,
            "ndcg_at_10": 0.2957621674603239,
            "average_precision": 0.26666666666666666,
            "exact_match": 0.0,
            "token_f1": 0.21398242356962688,
            "token_precision": 0.20325637325637327,
            "token_recall": 0.2983994708994709
          }
        },
        "importance_filtering": {
          "score": 0.875,
          "correct": 35,
          "total": 40,
          "recall_tokens": 2038,
          "recall_chars": 8412,
          "retrieval_metrics": {
            "recall_at_1": 0.25,
            "recall_at_3": 0.3,
            "recall_at_5": 0.3,
            "recall_at_10": 0.3,
            "mrr": 0.275,
            "ndcg_at_5": 0.2815464876785729,
            "ndcg_at_10": 0.2815464876785729,
            "average_precision": 0.275,
            "exact_match": 0.0,
            "token_f1": 0.3943292269443165,
            "token_precision": 0.3195297064047064,
            "token_recall": 0.651661761118998
          }
        },
        "semantic_recall": {
          "score": 0.78,
          "correct": 39,
          "total": 50,
          "recall_tokens": 4110,
          "recall_chars": 16797,
          "retrieval_metrics": {
            "recall_at_1": 0.24,
            "recall_at_3": 0.26,
            "recall_at_5": 0.28,
            "recall_at_10": 0.28,
            "mrr": 0.255,
            "ndcg_at_5": 0.261232126232897,
            "ndcg_at_10": 0.261232126232897,
            "average_precision": 0.255,
            "exact_match": 0.0,
            "token_f1": 0.43511783692743444,
            "token_precision": 0.32820884670884676,
            "token_recall": 0.7007142857142857
          }
        },
        "adversarial": {
          "score": 0.9333333333333333,
          "correct": 14,
          "total": 15,
          "recall_tokens": 997,
          "recall_chars": 4076,
          "retrieval_metrics": {
            "recall_at_1": 0.4,
            "recall_at_3": 0.5333333333333333,
            "recall_at_5": 0.6,
            "recall_at_10": 0.6,
            "mrr": 0.4722222222222222,
            "ndcg_at_5": 0.50410708744299,
            "ndcg_at_10": 0.50410708744299,
            "average_precision": 0.4722222222222222,
            "exact_match": 0.0,
            "token_f1": 0.3820420320420321,
            "token_precision": 0.29528618554934344,
            "token_recall": 0.6422222222222221
          }
        },
        "scale": {
          "score": 0.8333333333333334,
          "correct": 10,
          "total": 12,
          "recall_tokens": 848,
          "recall_chars": 3469,
          "retrieval_metrics": {
            "recall_at_1": 0.3333333333333333,
            "recall_at_3": 0.5,
            "recall_at_5": 0.5,
            "recall_at_10": 0.5,
            "mrr": 0.4166666666666667,
            "ndcg_at_5": 0.4384882922619096,
            "ndcg_at_10": 0.4384882922619096,
            "average_precision": 0.5,
            "exact_match": 0.0,
            "token_f1": 0.3283068783068783,
            "token_precision": 0.2649621212121212,
            "token_recall": 0.5576599326599326
          }
        },
        "integration": {
          "score": 1.0,
          "correct": 6,
          "total": 11,
          "recall_tokens": 262,
          "recall_chars": 1082,
          "retrieval_metrics": {
            "recall_at_1": 0.5,
            "recall_at_3": 0.5,