{"nc_kan_proof": {"means": {"bound_gap": 0.12171729702406986, "margin": 0.0007344838997690883, "proof_score": 8.939939498759128e-05}}}