{"nc_kan": {"means": {"accuracy": 0.99609375, "nc_ratio": 0.07331709503727626, "class_separation": 3.213897258243721}, "features": [[2.1909504326131337, 0.4442631565484362, -0.23518688444311195, -1.829912126108947], [3.018566281686299, 0.5970219837593508, -1.095933257343889, -1.7179853565864918], [3.2013128719706674, 0.41647198510467803, -0.8364127916269397, -1.910640947838265], [2.68025770144721, 0.5941546668545236, -0.7797716197213465, -1.746957845124869], [1.684158069217635, 0.9921717386860316, -0.13142146579485456, -1.850633131870131], [2.9226740703161163, 1.0728128868314257, -1.035896365486794, -2.168217435641711], [2.572958160896704, 0.8959442749055901, -0.6688670527251154, -1.9924230104141247], [2.551657832692464, 0.27396785487114794, -0.9151247638561546, -1.1197022368488305], [3.7650056691608484, 0.2595752928243809, -0.8065706736471073, -2.291800000204283], [2.5338859173918076, 0.9187463804433581, -0.6933997081559276, -2.0744188421769776], [3.0898885825320885, 0.809071809178071, -0.7859628515877488, -2.3096535267851386], [2.6607221949959867, -0.20635540327598056, -0.1619311234366105, -1.4868991998234065], [3.2396738622019052, 1.2161718236230514, -1.0886760133451139, -2.535360974334691], [2.6643303560907943, 0.418428078349241, -0.8631652579631154, -1.491800683271213], [2.1019631906969827, 0.8561628805680866, -0.6299875559345502, -1.7025049130630094], [2.6713859375696756, 0.6479379774597281, -0.351909585679671, -2.1889446226947067]]}}